{"cameraMode":{"drawMode":0,"name":"Shaded","section":"Shading Mode"},"sceneLighting":false,"audioPlay":false,"sceneViewState":{"showFog":true,"showMaterialUpdate":false,"showSkybox":false,"showFlares":true,"showImageEffects":true,"showParticleSystems":true},"in2DMode":false,"pivot":{"x":-1.2750095129013062,"y":2.938321113586426,"z":-2.6229488849639894},"rotation":{"x":0.24992401897907258,"y":-0.16037267446517945,"z":0.042049605399370196,"w":0.953972578048706},"size":7.601661682128906,"orthographic":false}