{"cameraMode":{"drawMode":0,"name":"Shaded","section":"Shading Mode"},"sceneLighting":false,"audioPlay":false,"sceneViewState":{"showFog":true,"showMaterialUpdate":false,"showSkybox":false,"showFlares":true,"showImageEffects":true,"showParticleSystems":true},"in2DMode":false,"pivot":{"x":-0.25286221504211428,"y":10.274621963500977,"z":11.434200286865235},"rotation":{"x":0.052668794989585879,"y":0.013086524792015553,"z":0.0006010570796206594,"w":-0.9986289143562317},"size":32.30796813964844,"orthographic":false}