{"cameraMode":{"drawMode":0,"name":"Shaded","section":"Shading Mode"},"sceneLighting":false,"audioPlay":false,"sceneViewState":{"showFog":true,"showMaterialUpdate":false,"showSkybox":false,"showFlares":true,"showImageEffects":true,"showParticleSystems":true},"in2DMode":false,"pivot":{"x":46.66032409667969,"y":-2.445962905883789,"z":15.418902397155762},"rotation":{"x":-0.13724729418754579,"y":-0.04446966201066971,"z":0.006129085551947355,"w":-0.989599883556366},"size":23.91765785217285,"orthographic":false}