{"cameraMode":{"drawMode":0,"name":"Shaded","section":"Shading Mode"},"sceneLighting":false,"audioPlay":false,"sceneViewState":{"showFog":true,"showMaterialUpdate":false,"showSkybox":false,"showFlares":true,"showImageEffects":true,"showParticleSystems":true},"in2DMode":false,"pivot":{"x":-1.4854658842086793,"y":-0.19330722093582154,"z":4.934399127960205},"rotation":{"x":0.12579898536205293,"y":-0.10808297246694565,"z":0.013755224645137787,"w":0.98609459400177},"size":30.868682861328126,"orthographic":false}