{"cameraMode":{"drawMode":0,"name":"Shaded","section":"Shading Mode"},"sceneLighting":false,"audioPlay":false,"sceneViewState":{"showFog":true,"showMaterialUpdate":false,"showSkybox":false,"showFlares":true,"showImageEffects":true,"showParticleSystems":true},"in2DMode":false,"pivot":{"x":36.741600036621097,"y":-4.055669784545898,"z":14.733748435974121},"rotation":{"x":0.15688413381576539,"y":0.02643849514424801,"z":-0.004037777427583933,"w":0.9873283505439758},"size":24.104848861694337,"orthographic":false}