{"cameraMode":{"drawMode":0,"name":"Shaded","section":"Shading Mode"},"sceneLighting":false,"audioPlay":false,"sceneViewState":{"showFog":true,"showMaterialUpdate":false,"showSkybox":false,"showFlares":true,"showImageEffects":true,"showParticleSystems":true},"in2DMode":false,"pivot":{"x":3.410966157913208,"y":22.831493377685548,"z":34.769805908203128},"rotation":{"x":0.180146262049675,"y":-0.02885216288268566,"z":-0.005673935636878014,"w":-0.9833968281745911},"size":45.49470138549805,"orthographic":false}