{"cameraMode":{"drawMode":0,"name":"Shaded","section":"Shading Mode"},"sceneLighting":false,"audioPlay":false,"sceneViewState":{"showFog":true,"showMaterialUpdate":false,"showSkybox":false,"showFlares":true,"showImageEffects":true,"showParticleSystems":true},"in2DMode":false,"pivot":{"x":3.518712282180786,"y":-0.06777814030647278,"z":14.829401016235352},"rotation":{"x":-0.023589888587594034,"y":-0.04390246793627739,"z":0.0008164619212038815,"w":-0.9989318251609802},"size":19.530864715576173,"orthographic":false}