{"cameraMode":{"drawMode":0,"name":"Shaded","section":"Shading Mode"},"sceneLighting":false,"audioPlay":false,"sceneViewState":{"showFog":true,"showMaterialUpdate":false,"showSkybox":false,"showFlares":true,"showImageEffects":true,"showParticleSystems":true},"in2DMode":false,"pivot":{"x":-3.4861643314361574,"y":-2.1090309619903566,"z":3.158860683441162},"rotation":{"x":-0.26000943779945376,"y":0.23379863798618318,"z":-0.065000019967556,"w":-0.9346842169761658},"size":11.629220008850098,"orthographic":false}