{"cameraMode":{"drawMode":0,"name":"Shaded","section":"Shading Mode"},"sceneLighting":false,"audioPlay":false,"sceneViewState":{"showFog":true,"showMaterialUpdate":false,"showSkybox":false,"showFlares":true,"showImageEffects":true,"showParticleSystems":true},"in2DMode":false,"pivot":{"x":14.946001052856446,"y":-0.37747764587402346,"z":1.4706255197525025},"rotation":{"x":-0.0822458416223526,"y":0.08183051645755768,"z":-0.006466205697506666,"w":-0.9934484362602234},"size":21.203582763671876,"orthographic":false}