{"cameraMode":{"drawMode":0,"name":"Shaded","section":"Shading Mode"},"sceneLighting":true,"audioPlay":false,"sceneViewState":{"showFog":true,"showMaterialUpdate":false,"showSkybox":true,"showFlares":true,"showImageEffects":true,"showParticleSystems":true},"in2DMode":false,"pivot":{"x":36.87688446044922,"y":-5.309004783630371,"z":24.00295066833496},"rotation":{"x":-0.08853234350681305,"y":-0.14477284252643586,"z":0.012913549318909645,"w":-0.9855625033378601},"size":28.126665115356447,"orthographic":false}