{"cameraMode":{"drawMode":0,"name":"Shaded","section":"Shading Mode"},"sceneLighting":true,"audioPlay":false,"sceneViewState":{"showFog":true,"showMaterialUpdate":false,"showSkybox":true,"showFlares":true,"showImageEffects":true,"showParticleSystems":true},"in2DMode":false,"pivot":{"x":9.823963165283204,"y":-2.8582470417022707,"z":-0.4749183654785156},"rotation":{"x":-0.17055878043174745,"y":0.2151278853416443,"z":-0.03788270801305771,"w":-0.9610724449157715},"size":18.988224029541017,"orthographic":false}

