{"cameraMode":{"drawMode":0,"name":"Shaded","section":"Shading Mode"},"sceneLighting":true,"audioPlay":false,"sceneViewState":{"showFog":true,"showMaterialUpdate":false,"showSkybox":true,"showFlares":true,"showImageEffects":true,"showParticleSystems":true},"in2DMode":false,"pivot":{"x":-16.464111328125,"y":4.174478054046631,"z":-13.55970573425293},"rotation":{"x":-0.05423589423298836,"y":-0.0740012601017952,"z":0.004084477201104164,"w":-0.9960516691207886},"size":8.62496566772461,"orthographic":false}