{"cameraMode":{"drawMode":0,"name":"Shaded","section":"Shading Mode"},"sceneLighting":false,"audioPlay":false,"sceneViewState":{"showFog":true,"showMaterialUpdate":false,"showSkybox":false,"showFlares":true,"showImageEffects":true,"showParticleSystems":true},"in2DMode":false,"pivot":{"x":-31.093515396118165,"y":1.0683274269104005,"z":0.1751856803894043},"rotation":{"x":0.007299657445400953,"y":0.9841780066490173,"z":-0.17340773344039918,"w":0.04190726578235626},"size":39.81718444824219,"orthographic":false}