{"cameraMode":{"drawMode":0,"name":"Shaded","section":"Shading Mode"},"sceneLighting":false,"audioPlay":false,"sceneViewState":{"showFog":true,"showMaterialUpdate":false,"showSkybox":false,"showFlares":true,"showImageEffects":true,"showParticleSystems":true},"in2DMode":false,"pivot":{"x":38.06139373779297,"y":-3.7673161029815676,"z":17.23295021057129},"rotation":{"x":-0.08946047723293305,"y":0.18092499673366548,"z":-0.016473453491926194,"w":-0.9794491529464722},"size":23.91765785217285,"orthographic":false}