{"cameraMode":{"drawMode":0,"name":"Shaded","section":"Shading Mode"},"sceneLighting":false,"audioPlay":false,"sceneViewState":{"showFog":true,"showMaterialUpdate":false,"showSkybox":false,"showFlares":true,"showImageEffects":true,"showParticleSystems":true},"in2DMode":false,"pivot":{"x":10.784836769104004,"y":5.3560051918029789,"z":0.0},"rotation":{"x":-0.05726629123091698,"y":-0.02336546964943409,"z":0.0013195985229685903,"w":-0.9981346726417542},"size":44.16459274291992,"orthographic":false}