{"cameraMode":{"drawMode":0,"name":"Shaded","section":"Shading Mode"},"sceneLighting":false,"audioPlay":false,"sceneViewState":{"showFog":true,"showMaterialUpdate":false,"showSkybox":false,"showFlares":true,"showImageEffects":true,"showParticleSystems":true},"in2DMode":false,"pivot":{"x":-1.3893519639968873,"y":5.6549248695373539,"z":23.55595588684082},"rotation":{"x":-0.015304239466786385,"y":0.030595894902944566,"z":-0.0004804923664778471,"w":-0.9995927214622498},"size":30.92857551574707,"orthographic":false}