{"cameraMode":{"drawMode":0,"name":"Shaded","section":"Shading Mode"},"sceneLighting":false,"audioPlay":false,"sceneViewState":{"showFog":true,"showMaterialUpdate":false,"showSkybox":false,"showFlares":true,"showImageEffects":true,"showParticleSystems":true},"in2DMode":false,"pivot":{"x":21.28052520751953,"y":-2.0537917613983156,"z":19.696104049682618},"rotation":{"x":-0.07720813900232315,"y":0.08670173585414887,"z":-0.007209077011793852,"w":-0.9934616088867188},"size":22.707944869995118,"orthographic":false}