{"cameraMode":{"drawMode":0,"name":"Shaded","section":"Shading Mode"},"sceneLighting":true,"audioPlay":false,"sceneViewState":{"showFog":true,"showMaterialUpdate":false,"showSkybox":true,"showFlares":true,"showImageEffects":true,"showParticleSystems":true},"in2DMode":false,"pivot":{"x":2.515749454498291,"y":-0.5757951736450195,"z":11.629537582397461},"rotation":{"x":-0.06567240506410599,"y":-0.05326392129063606,"z":0.0035213788505643608,"w":-0.9964710474014282},"size":17.05593490600586,"orthographic":false}