{"cameraMode":{"drawMode":0,"name":"Shaded","section":"Shading Mode"},"sceneLighting":false,"audioPlay":false,"sceneViewState":{"showFog":true,"showMaterialUpdate":false,"showSkybox":false,"showFlares":true,"showImageEffects":true,"showParticleSystems":true},"in2DMode":false,"pivot":{"x":3.3310000896453859,"y":-6.092835426330566,"z":35.90514373779297},"rotation":{"x":-0.1208743304014206,"y":-0.05150989070534706,"z":0.0062006618827581409,"w":-0.9914939999580383},"size":44.16459274291992,"orthographic":false}