{"cameraMode":{"drawMode":0,"name":"Shaded","section":"Shading Mode"},"sceneLighting":false,"audioPlay":false,"sceneViewState":{"showFog":true,"showMaterialUpdate":false,"showSkybox":false,"showFlares":true,"showImageEffects":true,"showParticleSystems":true},"in2DMode":false,"pivot":{"x":-0.39761805534362795,"y":0.33097994327545168,"z":16.55166244506836},"rotation":{"x":-0.060276683419942859,"y":0.0035888529382646085,"z":-0.00025396168348379433,"w":-0.9982365369796753},"size":30.868682861328126,"orthographic":false}