{"cameraMode":{"drawMode":0,"name":"Shaded","section":"Shading Mode"},"sceneLighting":false,"audioPlay":false,"sceneViewState":{"showFog":true,"showMaterialUpdate":false,"showSkybox":false,"showFlares":true,"showImageEffects":true,"showParticleSystems":true},"in2DMode":false,"pivot":{"x":30.487651824951173,"y":-0.0007967868587002158,"z":13.002472877502442},"rotation":{"x":-0.026330048218369485,"y":0.141660675406456,"z":-0.003618903923779726,"w":-0.989756166934967},"size":21.01797103881836,"orthographic":false}