{"cameraMode":{"drawMode":0,"name":"Shaded","section":"Shading Mode"},"sceneLighting":false,"audioPlay":false,"sceneViewState":{"showFog":true,"showMaterialUpdate":false,"showSkybox":false,"showFlares":true,"showImageEffects":true,"showParticleSystems":true},"in2DMode":false,"pivot":{"x":7.2276835441589359,"y":8.967058181762696,"z":28.821474075317384},"rotation":{"x":0.03350847586989403,"y":-0.19603405892848969,"z":-0.006785256322473288,"w":-0.9801458716392517},"size":43.58546829223633,"orthographic":false}