{"cameraMode":{"drawMode":0,"name":"Shaded","section":"Shading Mode"},"sceneLighting":true,"audioPlay":false,"sceneViewState":{"showFog":true,"showMaterialUpdate":false,"showSkybox":true,"showFlares":true,"showImageEffects":true,"showParticleSystems":true},"in2DMode":false,"pivot":{"x":19.20845603942871,"y":-8.057760238647461,"z":12.03609561920166},"rotation":{"x":-0.2102213054895401,"y":-0.01996774412691593,"z":0.004201510455459356,"w":-0.9776042103767395},"size":30.288883209228517,"orthographic":false}