{"cameraMode":{"drawMode":0,"name":"Shaded","section":"Shading Mode"},"sceneLighting":false,"audioPlay":false,"sceneViewState":{"showFog":true,"showMaterialUpdate":false,"showSkybox":false,"showFlares":true,"showImageEffects":true,"showParticleSystems":true},"in2DMode":false,"pivot":{"x":3.5910897254943849,"y":6.949816703796387,"z":26.326107025146486},"rotation":{"x":0.02018994837999344,"y":-0.011905360966920853,"z":-0.00023969974427018315,"w":-0.9998573660850525},"size":43.59028244018555,"orthographic":false}