{"cameraMode":{"drawMode":0,"name":"Shaded","section":"Shading Mode"},"sceneLighting":false,"audioPlay":false,"sceneViewState":{"showFog":true,"showMaterialUpdate":false,"showSkybox":false,"showFlares":true,"showImageEffects":true,"showParticleSystems":true},"in2DMode":false,"pivot":{"x":4.348944664001465,"y":-3.02370285987854,"z":36.4368896484375},"rotation":{"x":-0.08555544167757034,"y":-0.06264230608940125,"z":0.005294138565659523,"w":-0.994529664516449},"size":44.16459274291992,"orthographic":false}