{"cameraMode":{"drawMode":0,"name":"Shaded","section":"Shading Mode"},"sceneLighting":false,"audioPlay":false,"sceneViewState":{"showFog":true,"showMaterialUpdate":false,"showSkybox":false,"showFlares":true,"showImageEffects":true,"showParticleSystems":true},"in2DMode":false,"pivot":{"x":0.06257188320159912,"y":1.3499999046325684,"z":-0.42399999499320986},"rotation":{"x":-0.06552310287952423,"y":-0.22494876384735108,"z":0.015202757902443409,"w":-0.9721094965934753},"size":11.629220008850098,"orthographic":false}