{"cameraMode":{"drawMode":0,"name":"Shaded","section":"Shading Mode"},"sceneLighting":false,"audioPlay":false,"sceneViewState":{"showFog":true,"showMaterialUpdate":false,"showSkybox":false,"showFlares":true,"showImageEffects":true,"showParticleSystems":true},"in2DMode":false,"pivot":{"x":22.415531158447267,"y":-7.351498126983643,"z":18.349111557006837},"rotation":{"x":-0.19737465679645539,"y":0.06465727090835571,"z":-0.013531587086617947,"w":-0.9783535003662109},"size":22.707944869995118,"orthographic":false}