{"cameraMode":{"drawMode":0,"name":"Shaded","section":"Shading Mode"},"sceneLighting":false,"audioPlay":false,"sceneViewState":{"showFog":true,"showMaterialUpdate":false,"showSkybox":false,"showFlares":true,"showImageEffects":true,"showParticleSystems":true},"in2DMode":false,"pivot":{"x":0.53564453125,"y":-13.672575950622559,"z":16.623790740966798},"rotation":{"x":-0.2943688631057739,"y":0.01918158493936062,"z":-0.0060035488568246368,"w":-0.9556475877761841},"size":36.826595306396487,"orthographic":false}