{"cameraMode":{"drawMode":0,"name":"Shaded","section":"Shading Mode"},"sceneLighting":false,"audioPlay":false,"sceneViewState":{"showFog":true,"showMaterialUpdate":false,"showSkybox":false,"showFlares":true,"showImageEffects":true,"showParticleSystems":true},"in2DMode":false,"pivot":{"x":43.579219818115237,"y":-6.794009685516357,"z":13.369112968444825},"rotation":{"x":-0.14741000533103944,"y":-0.35375186800956728,"z":0.056700874119997028,"w":-0.9220944046974182},"size":21.97585105895996,"orthographic":false}