{"cameraMode":{"drawMode":0,"name":"Shaded","section":"Shading Mode"},"sceneLighting":false,"audioPlay":false,"sceneViewState":{"showFog":true,"showMaterialUpdate":false,"showSkybox":false,"showFlares":true,"showImageEffects":true,"showParticleSystems":true},"in2DMode":false,"pivot":{"x":26.691509246826173,"y":1.2696418762207032,"z":18.90591812133789},"rotation":{"x":0.028480757027864457,"y":-0.16265591979026795,"z":-0.004929433111101389,"w":-0.9865574240684509},"size":21.97980308532715,"orthographic":false}