{"cameraMode":{"drawMode":0,"name":"Shaded","section":"Shading Mode"},"sceneLighting":true,"audioPlay":false,"sceneViewState":{"showFog":true,"showMaterialUpdate":false,"showSkybox":true,"showFlares":true,"showImageEffects":true,"showParticleSystems":true},"in2DMode":false,"pivot":{"x":16.389711380004884,"y":-5.064388275146484,"z":21.35930061340332},"rotation":{"x":0.12563969194889069,"y":0.04440554603934288,"z":-0.005459772888571024,"w":0.9911965727806091},"size":28.126665115356447,"orthographic":false}