{"cameraMode":{"drawMode":0,"name":"Shaded","section":"Shading Mode"},"sceneLighting":false,"audioPlay":false,"sceneViewState":{"showFog":true,"showMaterialUpdate":false,"showSkybox":false,"showFlares":true,"showImageEffects":true,"showParticleSystems":true},"in2DMode":false,"pivot":{"x":31.901016235351564,"y":-10.014589309692383,"z":17.24419403076172},"rotation":{"x":-0.23545654118061067,"y":-0.05712735652923584,"z":0.0140159223228693,"w":-0.9702796339988709},"size":21.97585105895996,"orthographic":false}