{"cameraMode":{"drawMode":0,"name":"Shaded","section":"Shading Mode"},"sceneLighting":false,"audioPlay":false,"sceneViewState":{"showFog":true,"showMaterialUpdate":false,"showSkybox":false,"showFlares":true,"showImageEffects":true,"showParticleSystems":true},"in2DMode":false,"pivot":{"x":4.9654998779296879,"y":-0.3285166025161743,"z":1.5160000324249268},"rotation":{"x":-0.0822458416223526,"y":0.08183051645755768,"z":-0.006466205697506666,"w":-0.9934484362602234},"size":21.18535614013672,"orthographic":false}