{"cameraMode":{"drawMode":0,"name":"Shaded","section":"Shading Mode"},"sceneLighting":false,"audioPlay":false,"sceneViewState":{"showFog":true,"showMaterialUpdate":false,"showSkybox":false,"showFlares":true,"showImageEffects":true,"showParticleSystems":true},"in2DMode":false,"pivot":{"x":36.414302825927737,"y":-1.347489356994629,"z":21.91033363342285},"rotation":{"x":0.052530210465192798,"y":0.034202832728624347,"z":-0.001636199769563973,"w":0.9981039762496948},"size":24.104848861694337,"orthographic":false}