{"cameraMode":{"drawMode":0,"name":"Shaded","section":"Shading Mode"},"sceneLighting":false,"audioPlay":false,"sceneViewState":{"showFog":true,"showMaterialUpdate":false,"showSkybox":false,"showFlares":true,"showImageEffects":true,"showParticleSystems":true},"in2DMode":false,"pivot":{"x":16.780590057373048,"y":-9.016759872436524,"z":15.834783554077149},"rotation":{"x":-0.3986620008945465,"y":0.07742902636528015,"z":-0.03382205590605736,"w":-0.9132397770881653},"size":34.15729522705078,"orthographic":false}