{"cameraMode":{"drawMode":0,"name":"Shaded","section":"Shading Mode"},"sceneLighting":false,"audioPlay":false,"sceneViewState":{"showFog":true,"showMaterialUpdate":false,"showSkybox":false,"showFlares":true,"showImageEffects":true,"showParticleSystems":true},"in2DMode":false,"pivot":{"x":-0.7926395535469055,"y":-2.0563840866088869,"z":7.106914520263672},"rotation":{"x":-0.24670648574829102,"y":0.02236262895166874,"z":-0.005785337649285793,"w":-0.9689781069755554},"size":36.826595306396487,"orthographic":false}