{"cameraMode":{"drawMode":0,"name":"Shaded","section":"Shading Mode"},"sceneLighting":true,"audioPlay":false,"sceneViewState":{"showFog":true,"showMaterialUpdate":false,"showSkybox":true,"showFlares":true,"showImageEffects":true,"showParticleSystems":true},"in2DMode":false,"pivot":{"x":3.626818895339966,"y":-2.0672287940979006,"z":24.427364349365236},"rotation":{"x":-0.10124773532152176,"y":0.059339895844459537,"z":-0.005917225498706102,"w":-0.9932699799537659},"size":31.147010803222658,"orthographic":false}